{
	"pages": [ //pages数组中第一项表示应用启动页，参考：https://uniapp.dcloud.io/collocation/pages
		{
			"path":"pages/index/index",
			"style":{
				"navigationBarTitleText": "首页"
			}
		},
		{
			"path":"pages/index/index1",
			"style":{
				"navigationBarTitleText": "控制"
			}
		},
		{
			"path": "pages/API/bluetooth",
			"style": {
				"navigationBarTitleText": "蓝牙连接"
			}
		},
		{
			"path": "pages/Login/login",
			"style": {
				"navigationBarTitleText": "用户登录"
			}
		},
		{
			"path":"pages/control/control",
			"style":{
				"navigationBarTitleText": "控制页面"
			}
		},
		{
			"path":"pages/API/Bind",
			"style":{
				"navigationBarTitleText": "绑定页面"
			}
		},
		{
			"path":"pages/Register/Register",
			"style":{
				"navigationBarTitleText": "注册"
			}
		},
		{
			"path":"pages/control/wificontrol",
			"style":{
				"navigationBarTitleText": "WIFI控制"
			}
		},
		{
			"path":"pages/WIFI/wifi",
			"style":{
				"navigationBarTitleText": "WIFI连接"
			}
		}
		// {"path":"pages/index/index",
		// "style": {
		// 			"navigationBarTitleText": "首页"
		// 		}
		// },
		// {"path":"pages/message/message",
		// "style": {
		// 			"navigationBarTitleText": "我的"
		// 		}
		// }		
	],
	"globalStyle": {
		"navigationBarTextStyle": "black",
		"navigationBarTitleText": "uni-app",
		"navigationBarBackgroundColor": "#F8F8F8",
		"backgroundColor": "#F8F8F8"
	},
	"uniIdRouter": {
		
	}
	// "tabBar":{//导航条配置
	// 	"color":"#3F536E",//未选中的文字颜色
	// 	"selectedColor":"#007AFF",//选中的文字颜色
	// 	"backgroundColor":"#FFFFFF",//导航栏背景色
	// 	"borderStyle":"white",		
	// 	"list":[
	// 		{
	// 			"text":"首页",
	// 			"pagePath":"pages/index/index",
	// 			"iconPath":"static/tabs/mainpage.png",
	// 			"selectedIconPath":"static/tabs/mainpage2.png"		
	// 		},
	// 		{
	// 			"text":"我的",
	// 			"pagePath":"pages/message/message",
	// 			"iconPath":"static/tabs/mainpage.png",
	// 			"selectedIconPath":"static/tabs/mainpage2.png"		
	// 		}
	// 	]
		
	// }
}
