
{
    "pages": [
		{
			"path": "uni_modules/uni-id-pages/pages/userinfo/deactivate/deactivate",
			"style": {
				"navigationBarTitleText": "注销账号"
			}
		},
		{
			"path": "uni_modules/uni-id-pages/pages/userinfo/userinfo",
			"style": {
				"navigationBarTitleText": "个人资料"
			}
		},
		{
			"path": "uni_modules/uni-id-pages/pages/userinfo/bind-mobile/bind-mobile",
			"style": {
				"navigationBarTitleText": "绑定手机号码"
			}
		},
		{
			"path": "uni_modules/uni-id-pages/pages/userinfo/cropImage/cropImage",
			"style": {
				"navigationBarTitleText": ""
			}
		},
		{
			"path": "uni_modules/uni-id-pages/pages/login/login-withoutpwd",
			"style": {
				"navigationBarTitleText": ""
			}
		},
		{
			"path": "uni_modules/uni-id-pages/pages/login/login-withpwd",
			"style": {
				"navigationBarTitleText": ""
			}
		},
		{
			"path": "uni_modules/uni-id-pages/pages/login/login-smscode",
			"style": {
				"navigationBarTitleText": "手机验证码登录"
			}
		},
		{
			"path": "uni_modules/uni-id-pages/pages/register/register",
			"style": {
				"navigationBarTitleText": "注册"
			}
		},
		{
			"path": "uni_modules/uni-id-pages/pages/retrieve/retrieve",
			"style": {
				"navigationBarTitleText": "重置密码"
			}
		}, {
			"path": "uni_modules/uni-id-pages/pages/common/webview/webview",
			"style": {
				"navigationBarTitleText": "",
				"enablePullDownRefresh": false
			}
		}
	    ,{
            "path" : "uni_modules/uni-id-pages/pages/userinfo/change_pwd/change_pwd",
            "style" :                                                                                    
            {
                "navigationBarTitleText": "修改密码",
                "enablePullDownRefresh": false
            }
            
        }
	]
}